,id,blockid,txhash,createdt,chaincodename,status,creator_msp_id,endorser_msp_id,chaincode_id,type,read_set,write_set,channel_genesis_hash,validation_code,envelope_signature,payload_extension,creator_id_bytes,creator_nonce,chaincode_proposal_input,tx_response,payload_proposal_hash,endorser_id_bytes,endorser_signature,network_name
0,6,7,3a4f7875a2f00da3656bc7923a2da0390cd420614e57e43f481435889b4729f0,2022-01-25 11:33:35.873,basic,200.0,Org1MSP,"{""Org1MSP"",""Org2MSP""}",,ENDORSER_TRANSACTION,"[{'chaincode': '_lifecycle', 'set': [{'key': 'namespaces/fields/basic/Sequence', 'version': {'block_num': {'low': 5, 'high': 0, 'unsigned': True}, 'tx_num': {'low': 0, 'high': 0, 'unsigned': True}}}]}, {'chaincode': 'basic', 'set': [{'key': 'asset6', 'version': {'block_num': {'low': 6, 'high': 0, 'unsigned': True}, 'tx_num': {'low': 0, 'high': 0, 'unsigned': True}}}]}]","[{'chaincode': '_lifecycle', 'set': []}, {'chaincode': 'basic', 'set': [{'key': 'asset6', 'is_delete': False, 'value': '{""AppraisedValue"":800,""Color"":""white"",""ID"":""asset6"",""Owner"":""Christopher"",""Size"":15}'}]}]",08f902a7a260c02b740c94eb1678a9d0fab44796049c845ff2508649a92ff717,VALID,304422037007077020580000300862600110000000062870220180070001088680001600000130457880099000000,1271256261736963,"-----BEGIN CERTIFICATE-----
MIICKjCCAdCgAwIBAgIRAPZbaP9m3IhpVyX3euPDp3YwCgYIKoZIzj0EAwIwczEL
MAkGA1UEBhMCVVMxEzARBgNVBAgTCkNhbGlmb3JuaWExFjAUBgNVBAcTDVNhbiBG
cmFuY2lzY28xGTAXBgNVBAoTEG9yZzEuZXhhbXBsZS5jb20xHDAaBgNVBAMTE2Nh
Lm9yZzEuZXhhbXBsZS5jb20wHhcNMjIwMTI1MTEyNTAwWhcNMzIwMTIzMTEyNTAw
WjBrMQswCQYDVQQGEwJVUzETMBEGA1UECBMKQ2FsaWZvcm5pYTEWMBQGA1UEBxMN
U2FuIEZyYW5jaXNjbzEOMAwGA1UECxMFYWRtaW4xHzAdBgNVBAMMFkFkbWluQG9y
ZzEuZXhhbXBsZS5jb20wWTATBgcqhkjOPQIBBggqhkjOPQMBBwNCAARZ2pyHX2cX
pJ1nsNql7XB6AthPr7fCz+nYBhXcFo8W0HSKv5usAx0ZZwzUdpYxyTOBGKWjzdTE
RURfH0RKD5LRo00wSzAOBgNVHQ8BAf8EBAMCB4AwDAYDVR0TAQH/BAIwADArBgNV
HSMEJDAigCD8yibFR25XzypINGwk39n0eDYNeJvBK3VBhMyYQukzKTAKBggqhkjO
PQQDAgNIADBFAiEAmNq53ddfmWJvF6nLNETuvgNCvhY2gPo9jm52LUkRLs8CIHTs
BYSxOH21x1V3T7u+CiisT8Hb3SFkRlUs0FEp7KtO
-----END CERTIFICATE-----
",0473711700260005514000370000000,"5472610736665724173736574,617373657436,436872697374070686572",,0ab428f45693bd20d0d7745c7d0ac11b5f792587c5fcd9e4bce776581b330015,,30452210032005961006700430535436007831060070193947662545220000000093620004716000490708781700720160000,test-network
1,7,0,db64cf38ebce10f70fb690c580f8e52bf39bfe38b8bae0707ff3bae40ad21f40,2022-01-25 11:30:37.000,,,,{},,CONFIG,,,08f902a7a260c02b740c94eb1678a9d0fab44796049c845ff2508649a92ff717,VALID,,,,0085093002080009113000000004391,,,,,,test-network
2,8,1,020b2836f9982d5ce6960d3ee7b7d11919381b385b140a2f6d5b59cce7dddb06,2022-01-25 11:30:46.000,,,OrdererMSP,{},,CONFIG,"{'version': 0, 'groups': {'Application': {'version': 0, 'groups': {'Org1MSP': {'version': 0, 'groups': {}, 'values': {'MSP': {'mod_policy': '', 'version': 0, 'value': {'type': 0, 'config': {'name': '', 'root_certs': [], 'intermediate_certs': [], 'admins': [], 'revocation_list': [], 'signing_identity': {}, 'organizational_unit_identifiers': [], 'tls_root_certs': [], 'tls_intermediate_certs': []}}}}, 'policies': {'Admins': {'version': 0, 'mod_policy': '', 'policy': {}}, 'Endorsement': {'version': 0, 'mod_policy': '', 'policy': {}}, 'Readers': {'version': 0, 'mod_policy': '', 'policy': {}}, 'Writers': {'version': 0, 'mod_policy': '', 'policy': {}}}, 'mod_policy': ''}}, 'values': {}, 'policies': {}, 'mod_policy': ''}}, 'values': {}, 'policies': {}, 'mod_policy': ''}","{'version': 0, 'groups': {'Application': {'version': 0, 'groups': {'Org1MSP': {'version': 1, 'groups': {}, 'values': {'AnchorPeers': {'mod_policy': 'Admins', 'version': 0, 'value': {'anchor_peers': [{'host': 'peer0.org1.example.com', 'port': 7051}]}}, 'MSP': {'mod_policy': '', 'version': 0, 'value': {'type': 0, 'config': {'name': '', 'root_certs': [], 'intermediate_certs': [], 'admins': [], 'revocation_list': [], 'signing_identity': {}, 'organizational_unit_identifiers': [], 'tls_root_certs': [], 'tls_intermediate_certs': []}}}}, 'policies': {'Admins': {'version': 0, 'mod_policy': '', 'policy': {}}, 'Endorsement': {'version': 0, 'mod_policy': '', 'policy': {}}, 'Readers': {'version': 0, 'mod_policy': '', 'policy': {}}, 'Writers': {'version': 0, 'mod_policy': '', 'policy': {}}}, 'mod_policy': 'Admins'}}, 'values': {}, 'policies': {}, 'mod_policy': ''}}, 'values': {}, 'policies': {}, 'mod_policy': ''}",08f902a7a260c02b740c94eb1678a9d0fab44796049c845ff2508649a92ff717,,304522100309300800274330000350000020140000190045428321220320019055501409109307950000020660000000079,,"-----BEGIN CERTIFICATE-----
MIICHjCCAcWgAwIBAgIRAJHJ5McbWs5bAropQn1TvBMwCgYIKoZIzj0EAwIwaTEL
MAkGA1UEBhMCVVMxEzARBgNVBAgTCkNhbGlmb3JuaWExFjAUBgNVBAcTDVNhbiBG
cmFuY2lzY28xFDASBgNVBAoTC2V4YW1wbGUuY29tMRcwFQYDVQQDEw5jYS5leGFt
cGxlLmNvbTAeFw0yMjAxMjUxMTI1MDBaFw0zMjAxMjMxMTI1MDBaMGoxCzAJBgNV
BAYTAlVTMRMwEQYDVQQIEwpDYWxpZm9ybmlhMRYwFAYDVQQHEw1TYW4gRnJhbmNp
c2NvMRAwDgYDVQQLEwdvcmRlcmVyMRwwGgYDVQQDExNvcmRlcmVyLmV4YW1wbGUu
Y29tMFkwEwYHKoZIzj0CAQYIKoZIzj0DAQcDQgAEU0sQDA9j6s9SFA2dXqDIn2+E
LUS101n/xEOiIbMo7PBaeo3eF4XKzfrRp6cWJmScuCgs+BGMoTsuFmtoKbQXSqNN
MEswDgYDVR0PAQH/BAQDAgeAMAwGA1UdEwEB/wQCMAAwKwYDVR0jBCQwIoAgll4R
OUwbq/g7FUvpRNOv/QSBSH20OefJDL6NPhJFtJYwCgYIKoZIzj0EAwIDRwAwRAIg
JADkOa9EPNx6aH22z9PJxt8phYIntxx/ooIKq2GvdbMCIB0Sb1UQWFdahXLsW8+V
08Z/Sw/IZYijtsyzr4g9rALr
-----END CERTIFICATE-----
",7182000055047275974000000740041081,,,,,,test-network
3,9,2,4a89d8192af59bf512ced8aa63386b3c51961cd0b90fb24fcc1b8629b8c33669,2022-01-25 11:30:47.000,,,OrdererMSP,{},,CONFIG,"{'version': 0, 'groups': {'Application': {'version': 0, 'groups': {'Org2MSP': {'version': 0, 'groups': {}, 'values': {'MSP': {'mod_policy': '', 'version': 0, 'value': {'type': 0, 'config': {'name': '', 'root_certs': [], 'intermediate_certs': [], 'admins': [], 'revocation_list': [], 'signing_identity': {}, 'organizational_unit_identifiers': [], 'tls_root_certs': [], 'tls_intermediate_certs': []}}}}, 'policies': {'Admins': {'version': 0, 'mod_policy': '', 'policy': {}}, 'Endorsement': {'version': 0, 'mod_policy': '', 'policy': {}}, 'Readers': {'version': 0, 'mod_policy': '', 'policy': {}}, 'Writers': {'version': 0, 'mod_policy': '', 'policy': {}}}, 'mod_policy': ''}}, 'values': {}, 'policies': {}, 'mod_policy': ''}}, 'values': {}, 'policies': {}, 'mod_policy': ''}","{'version': 0, 'groups': {'Application': {'version': 0, 'groups': {'Org2MSP': {'version': 1, 'groups': {}, 'values': {'AnchorPeers': {'mod_policy': 'Admins', 'version': 0, 'value': {'anchor_peers': [{'host': 'peer0.org2.example.com', 'port': 9051}]}}, 'MSP': {'mod_policy': '', 'version': 0, 'value': {'type': 0, 'config': {'name': '', 'root_certs': [], 'intermediate_certs': [], 'admins': [], 'revocation_list': [], 'signing_identity': {}, 'organizational_unit_identifiers': [], 'tls_root_certs': [], 'tls_intermediate_certs': []}}}}, 'policies': {'Admins': {'version': 0, 'mod_policy': '', 'policy': {}}, 'Endorsement': {'version': 0, 'mod_policy': '', 'policy': {}}, 'Readers': {'version': 0, 'mod_policy': '', 'policy': {}}, 'Writers': {'version': 0, 'mod_policy': '', 'policy': {}}}, 'mod_policy': 'Admins'}}, 'values': {}, 'policies': {}, 'mod_policy': ''}}, 'values': {}, 'policies': {}, 'mod_policy': ''}",08f902a7a260c02b740c94eb1678a9d0fab44796049c845ff2508649a92ff717,,3045221008100810056643100036001707647046100069500647322077280000588600140000091360313001900540440380,,"-----BEGIN CERTIFICATE-----
MIICHjCCAcWgAwIBAgIRAJHJ5McbWs5bAropQn1TvBMwCgYIKoZIzj0EAwIwaTEL
MAkGA1UEBhMCVVMxEzARBgNVBAgTCkNhbGlmb3JuaWExFjAUBgNVBAcTDVNhbiBG
cmFuY2lzY28xFDASBgNVBAoTC2V4YW1wbGUuY29tMRcwFQYDVQQDEw5jYS5leGFt
cGxlLmNvbTAeFw0yMjAxMjUxMTI1MDBaFw0zMjAxMjMxMTI1MDBaMGoxCzAJBgNV
BAYTAlVTMRMwEQYDVQQIEwpDYWxpZm9ybmlhMRYwFAYDVQQHEw1TYW4gRnJhbmNp
c2NvMRAwDgYDVQQLEwdvcmRlcmVyMRwwGgYDVQQDExNvcmRlcmVyLmV4YW1wbGUu
Y29tMFkwEwYHKoZIzj0CAQYIKoZIzj0DAQcDQgAEU0sQDA9j6s9SFA2dXqDIn2+E
LUS101n/xEOiIbMo7PBaeo3eF4XKzfrRp6cWJmScuCgs+BGMoTsuFmtoKbQXSqNN
MEswDgYDVR0PAQH/BAQDAgeAMAwGA1UdEwEB/wQCMAAwKwYDVR0jBCQwIoAgll4R
OUwbq/g7FUvpRNOv/QSBSH20OefJDL6NPhJFtJYwCgYIKoZIzj0EAwIDRwAwRAIg
JADkOa9EPNx6aH22z9PJxt8phYIntxx/ooIKq2GvdbMCIB0Sb1UQWFdahXLsW8+V
08Z/Sw/IZYijtsyzr4g9rALr
-----END CERTIFICATE-----
",46700420093000088048960750000000,,,,,,test-network
4,10,3,86cade9972feabeded561054c859d88da435efbb6ad5f441bebc38eb8ccf7dfe,2022-01-25 11:31:30.241,_lifecycle,200.0,Org1MSP,"{""Org1MSP""}",,ENDORSER_TRANSACTION,"[{'chaincode': '_lifecycle', 'set': [{'key': 'namespaces/fields/basic/Sequence'}, {'key': 'namespaces/metadata/basic'}]}, {'chaincode': 'lscc', 'set': [{'key': 'basic'}]}]","[{'chaincode': '_lifecycle', 'set': []}, {'chaincode': 'lscc', 'set': []}]",08f902a7a260c02b740c94eb1678a9d0fab44796049c845ff2508649a92ff717,VALID,3044220633797003709609600009300076060003637064006502206871000034048020000990000180000330980260017,12012000696665637963065,"-----BEGIN CERTIFICATE-----
MIICKjCCAdCgAwIBAgIRAPZbaP9m3IhpVyX3euPDp3YwCgYIKoZIzj0EAwIwczEL
MAkGA1UEBhMCVVMxEzARBgNVBAgTCkNhbGlmb3JuaWExFjAUBgNVBAcTDVNhbiBG
cmFuY2lzY28xGTAXBgNVBAoTEG9yZzEuZXhhbXBsZS5jb20xHDAaBgNVBAMTE2Nh
Lm9yZzEuZXhhbXBsZS5jb20wHhcNMjIwMTI1MTEyNTAwWhcNMzIwMTIzMTEyNTAw
WjBrMQswCQYDVQQGEwJVUzETMBEGA1UECBMKQ2FsaWZvcm5pYTEWMBQGA1UEBxMN
U2FuIEZyYW5jaXNjbzEOMAwGA1UECxMFYWRtaW4xHzAdBgNVBAMMFkFkbWluQG9y
ZzEuZXhhbXBsZS5jb20wWTATBgcqhkjOPQIBBggqhkjOPQMBBwNCAARZ2pyHX2cX
pJ1nsNql7XB6AthPr7fCz+nYBhXcFo8W0HSKv5usAx0ZZwzUdpYxyTOBGKWjzdTE
RURfH0RKD5LRo00wSzAOBgNVHQ8BAf8EBAMCB4AwDAYDVR0TAQH/BAIwADArBgNV
HSMEJDAigCD8yibFR25XzypINGwk39n0eDYNeJvBK3VBhMyYQukzKTAKBggqhkjO
PQQDAgNIADBFAiEAmNq53ddfmWJvF6nLNETuvgNCvhY2gPo9jm52LUkRLs8CIHTs
BYSxOH21x1V3T7u+CiisT8Hb3SFkRlUs0FEp7KtO
-----END CERTIFICATE-----
",703444013000003803807486874800570030,"41707072076654368616906306465446566690697469004607207907267,811256261736963033103000120006261736963031030064656532643631326531356635303539343738623930343866613462336339663739323039363535343834316436343262396235393039396661306530346134",,925879a94c361b6203bb45762ffc8291fe72a7444d9c15d95b16e381b9b5f447,,3045221006500002807706700092804900135386050000420022018934900048590590052028000000000000000064,test-network
5,11,4,b067cfb1b9bd53da79e42b17c226430ecace2250ece61301a3dc3683b257aade,2022-01-25 11:31:38.480,_lifecycle,200.0,Org2MSP,"{""Org2MSP""}",,ENDORSER_TRANSACTION,"[{'chaincode': '_lifecycle', 'set': [{'key': 'namespaces/fields/basic/Sequence'}, {'key': 'namespaces/metadata/basic'}]}, {'chaincode': 'lscc', 'set': [{'key': 'basic'}]}]","[{'chaincode': '_lifecycle', 'set': []}, {'chaincode': 'lscc', 'set': []}]",08f902a7a260c02b740c94eb1678a9d0fab44796049c845ff2508649a92ff717,VALID,304522100017240000034007300000070000012000890022025672054000000000160000000006300980320430,12012000696665637963065,"-----BEGIN CERTIFICATE-----
MIICKjCCAdCgAwIBAgIRAOTfGsg1xr3jFaMvBAO/mVMwCgYIKoZIzj0EAwIwczEL
MAkGA1UEBhMCVVMxEzARBgNVBAgTCkNhbGlmb3JuaWExFjAUBgNVBAcTDVNhbiBG
cmFuY2lzY28xGTAXBgNVBAoTEG9yZzIuZXhhbXBsZS5jb20xHDAaBgNVBAMTE2Nh
Lm9yZzIuZXhhbXBsZS5jb20wHhcNMjIwMTI1MTEyNTAwWhcNMzIwMTIzMTEyNTAw
WjBrMQswCQYDVQQGEwJVUzETMBEGA1UECBMKQ2FsaWZvcm5pYTEWMBQGA1UEBxMN
U2FuIEZyYW5jaXNjbzEOMAwGA1UECxMFYWRtaW4xHzAdBgNVBAMMFkFkbWluQG9y
ZzIuZXhhbXBsZS5jb20wWTATBgcqhkjOPQIBBggqhkjOPQMBBwNCAATWvgmIfKDe
OLDAik7SLCBctxbp+QTr950G/of1vBs3mSahN54ilwyZbAN2u/CFM2OxEtlWaast
RxFLBRhtwtNro00wSzAOBgNVHQ8BAf8EBAMCB4AwDAYDVR0TAQH/BAIwADArBgNV
HSMEJDAigCDfCK7uqiaT1ex+Aos8I46e5prI4TnzRdSYYlhjp4/iiDAKBggqhkjO
PQQDAgNIADBFAiEAs3QCCUuSoNfi5/sQUySYQBSSQeAGIM72aws94FhrQ7QCIHEG
YgNsIvqsdb4c2pfqIqdnSw15fFj0uxp9mFLhM4RK
-----END CERTIFICATE-----
",670311018774200004906705902570908200,"41707072076654368616906306465446566690697469004607207907267,811256261736963033103000120006261736963031030064656532643631326531356635303539343738623930343866613462336339663739323039363535343834316436343262396235393039396661306530346134",,d85ad2a3d632269be3f7447525df10b9462c166af38c15e7cff3d6ce0b7b09a2,,304422009028000000007200000000270960031420043732200590000042210100710094000012024650000083221,test-network
6,12,5,a17aeb10bcbcd27aaaa8ce06b9d18286849f679b8b179820d5eb71de42a97a2b,2022-01-25 11:31:46.707,_lifecycle,200.0,Org2MSP,"{""Org1MSP"",""Org2MSP""}",,ENDORSER_TRANSACTION,"[{'chaincode': '_lifecycle', 'set': [{'key': 'namespaces/fields/basic/Sequence'}, {'key': 'namespaces/metadata/basic'}]}, {'chaincode': 'lscc', 'set': [{'key': 'basic'}]}]","[{'chaincode': '_lifecycle', 'set': [{'key': 'namespaces/fields/basic/Collections', 'is_delete': False, 'value': '\x12\x00'}, {'key': 'namespaces/fields/basic/EndorsementInfo', 'is_delete': False, 'value': '\x12\x0b\n\x031.0\x1a\x04escc'}, {'key': 'namespaces/fields/basic/Sequence', 'is_delete': False, 'value': '\x08\x01'}, {'key': 'namespaces/fields/basic/ValidationInfo', 'is_delete': False, 'value': '\x12*\n\x04vscc\x12""\x12 /Channel/Application/Endorsement'}, {'key': 'namespaces/metadata/basic', 'is_delete': False, 'value': '\n\x13ChaincodeDefinition\x12\x08Sequence\x12\x0fEndorsementInfo\x12\x0eValidationInfo\x12\x0bCollections'}]}, {'chaincode': 'lscc', 'set': []}]",08f902a7a260c02b740c94eb1678a9d0fab44796049c845ff2508649a92ff717,VALID,304522108600430000000190130580053080270694002500235022040000022000460006900000000000000626200,12012000696665637963065,"-----BEGIN CERTIFICATE-----
MIICKjCCAdCgAwIBAgIRAOTfGsg1xr3jFaMvBAO/mVMwCgYIKoZIzj0EAwIwczEL
MAkGA1UEBhMCVVMxEzARBgNVBAgTCkNhbGlmb3JuaWExFjAUBgNVBAcTDVNhbiBG
cmFuY2lzY28xGTAXBgNVBAoTEG9yZzIuZXhhbXBsZS5jb20xHDAaBgNVBAMTE2Nh
Lm9yZzIuZXhhbXBsZS5jb20wHhcNMjIwMTI1MTEyNTAwWhcNMzIwMTIzMTEyNTAw
WjBrMQswCQYDVQQGEwJVUzETMBEGA1UECBMKQ2FsaWZvcm5pYTEWMBQGA1UEBxMN
U2FuIEZyYW5jaXNjbzEOMAwGA1UECxMFYWRtaW4xHzAdBgNVBAMMFkFkbWluQG9y
ZzIuZXhhbXBsZS5jb20wWTATBgcqhkjOPQIBBggqhkjOPQMBBwNCAATWvgmIfKDe
OLDAik7SLCBctxbp+QTr950G/of1vBs3mSahN54ilwyZbAN2u/CFM2OxEtlWaast
RxFLBRhtwtNro00wSzAOBgNVHQ8BAf8EBAMCB4AwDAYDVR0TAQH/BAIwADArBgNV
HSMEJDAigCDfCK7uqiaT1ex+Aos8I46e5prI4TnzRdSYYlhjp4/iiDAKBggqhkjO
PQQDAgNIADBFAiEAs3QCCUuSoNfi5/sQUySYQBSSQeAGIM72aws94FhrQ7QCIHEG
YgNsIvqsdb4c2pfqIqdnSw15fFj0uxp9mFLhM4RK
-----END CERTIFICATE-----
",0049004400790173000802106316002000,"430006974436861690630646544656669069746900,8112562617369630331030",,049a524622302b7e70829cbffa9a5565ef5d313d42f0bbada0c01568760bf459,,304522100740001408405907020085039522520002205931000002322004600920980000938000095284006200176504316274069,test-network
7,13,6,54ee4bc59a44a850c6792e58b25aa1c95821e03eadcc46ae05a24d2a68fce82c,2022-01-25 11:32:57.796,basic,200.0,Org1MSP,"{""Org2MSP"",""Org1MSP""}",,ENDORSER_TRANSACTION,"[{'chaincode': '_lifecycle', 'set': [{'key': 'namespaces/fields/basic/Sequence', 'version': {'block_num': {'low': 5, 'high': 0, 'unsigned': True}, 'tx_num': {'low': 0, 'high': 0, 'unsigned': True}}}]}, {'chaincode': 'basic', 'set': []}]","[{'chaincode': '_lifecycle', 'set': []}, {'chaincode': 'basic', 'set': [{'key': 'asset1', 'is_delete': False, 'value': '{""AppraisedValue"":300,""Color"":""blue"",""ID"":""asset1"",""Owner"":""Tomoko"",""Size"":5}'}, {'key': 'asset2', 'is_delete': False, 'value': '{""AppraisedValue"":400,""Color"":""red"",""ID"":""asset2"",""Owner"":""Brad"",""Size"":5}'}, {'key': 'asset3', 'is_delete': False, 'value': '{""AppraisedValue"":500,""Color"":""green"",""ID"":""asset3"",""Owner"":""Jin Soo"",""Size"":10}'}, {'key': 'asset4', 'is_delete': False, 'value': '{""AppraisedValue"":600,""Color"":""yellow"",""ID"":""asset4"",""Owner"":""Max"",""Size"":10}'}, {'key': 'asset5', 'is_delete': False, 'value': '{""AppraisedValue"":700,""Color"":""black"",""ID"":""asset5"",""Owner"":""Adriana"",""Size"":15}'}, {'key': 'asset6', 'is_delete': False, 'value': '{""AppraisedValue"":800,""Color"":""white"",""ID"":""asset6"",""Owner"":""Michel"",""Size"":15}'}]}]",08f902a7a260c02b740c94eb1678a9d0fab44796049c845ff2508649a92ff717,VALID,30452210079003700000000089890390127007143000000660220009300009010000950000077762089000000000,1271256261736963,"-----BEGIN CERTIFICATE-----
MIICKjCCAdCgAwIBAgIRAPZbaP9m3IhpVyX3euPDp3YwCgYIKoZIzj0EAwIwczEL
MAkGA1UEBhMCVVMxEzARBgNVBAgTCkNhbGlmb3JuaWExFjAUBgNVBAcTDVNhbiBG
cmFuY2lzY28xGTAXBgNVBAoTEG9yZzEuZXhhbXBsZS5jb20xHDAaBgNVBAMTE2Nh
Lm9yZzEuZXhhbXBsZS5jb20wHhcNMjIwMTI1MTEyNTAwWhcNMzIwMTIzMTEyNTAw
WjBrMQswCQYDVQQGEwJVUzETMBEGA1UECBMKQ2FsaWZvcm5pYTEWMBQGA1UEBxMN
U2FuIEZyYW5jaXNjbzEOMAwGA1UECxMFYWRtaW4xHzAdBgNVBAMMFkFkbWluQG9y
ZzEuZXhhbXBsZS5jb20wWTATBgcqhkjOPQIBBggqhkjOPQMBBwNCAARZ2pyHX2cX
pJ1nsNql7XB6AthPr7fCz+nYBhXcFo8W0HSKv5usAx0ZZwzUdpYxyTOBGKWjzdTE
RURfH0RKD5LRo00wSzAOBgNVHQ8BAf8EBAMCB4AwDAYDVR0TAQH/BAIwADArBgNV
HSMEJDAigCD8yibFR25XzypINGwk39n0eDYNeJvBK3VBhMyYQukzKTAKBggqhkjO
PQQDAgNIADBFAiEAmNq53ddfmWJvF6nLNETuvgNCvhY2gPo9jm52LUkRLs8CIHTs
BYSxOH21x1V3T7u+CiisT8Hb3SFkRlUs0FEp7KtO
-----END CERTIFICATE-----
",00590000550046960490590005000480,490697406564676572,,bafdc5e8f65e45b5d34882fc25fb991be098a9fa18214afb6b753d735d6088b9,,304422015007530027470000100594000610000542600000472203331000003655000520000000475608607307708400,test-network
8,14,8,981f9c8a38e7c387bee51b774f7cdeed9b0ccf5c5b400cfc2842907684f060bf,2022-01-26 14:36:03.870,basic,200.0,Org2MSP,"{""Org2MSP"",""Org1MSP""}",,ENDORSER_TRANSACTION,"[{'chaincode': '_lifecycle', 'set': [{'key': 'namespaces/fields/basic/Sequence', 'version': {'block_num': {'low': 5, 'high': 0, 'unsigned': True}, 'tx_num': {'low': 0, 'high': 0, 'unsigned': True}}}]}, {'chaincode': 'basic', 'set': [{'key': 'asset1', 'version': {'block_num': {'low': 6, 'high': 0, 'unsigned': True}, 'tx_num': {'low': 0, 'high': 0, 'unsigned': True}}}]}]","[{'chaincode': '_lifecycle', 'set': []}, {'chaincode': 'basic', 'set': [{'key': 'asset1', 'is_delete': False, 'value': '{""AppraisedValue"":300,""Color"":""blue"",""ID"":""asset1"",""Owner"":""Brad"",""Size"":5}'}]}]",08f902a7a260c02b740c94eb1678a9d0fab44796049c845ff2508649a92ff717,VALID,3044220000105000006005460190920000030410781720002206402300805107009595914401813040870003900300200,1271256261736963,"-----BEGIN CERTIFICATE-----
MIICKjCCAdCgAwIBAgIRAOTfGsg1xr3jFaMvBAO/mVMwCgYIKoZIzj0EAwIwczEL
MAkGA1UEBhMCVVMxEzARBgNVBAgTCkNhbGlmb3JuaWExFjAUBgNVBAcTDVNhbiBG
cmFuY2lzY28xGTAXBgNVBAoTEG9yZzIuZXhhbXBsZS5jb20xHDAaBgNVBAMTE2Nh
Lm9yZzIuZXhhbXBsZS5jb20wHhcNMjIwMTI1MTEyNTAwWhcNMzIwMTIzMTEyNTAw
WjBrMQswCQYDVQQGEwJVUzETMBEGA1UECBMKQ2FsaWZvcm5pYTEWMBQGA1UEBxMN
U2FuIEZyYW5jaXNjbzEOMAwGA1UECxMFYWRtaW4xHzAdBgNVBAMMFkFkbWluQG9y
ZzIuZXhhbXBsZS5jb20wWTATBgcqhkjOPQIBBggqhkjOPQMBBwNCAATWvgmIfKDe
OLDAik7SLCBctxbp+QTr950G/of1vBs3mSahN54ilwyZbAN2u/CFM2OxEtlWaast
RxFLBRhtwtNro00wSzAOBgNVHQ8BAf8EBAMCB4AwDAYDVR0TAQH/BAIwADArBgNV
HSMEJDAigCDfCK7uqiaT1ex+Aos8I46e5prI4TnzRdSYYlhjp4/iiDAKBggqhkjO
PQQDAgNIADBFAiEAs3QCCUuSoNfi5/sQUySYQBSSQeAGIM72aws94FhrQ7QCIHEG
YgNsIvqsdb4c2pfqIqdnSw15fFj0uxp9mFLhM4RK
-----END CERTIFICATE-----
",04703680008600016450034950000560,"5472610736665724173736574,617373657431,42726164",,77d43348d0a8bd5c6a2ad0e4ca4e99c46940847df22cbd55c6db2566a29d433a,,30452210013480001207200380003161350000050000093885122045060000370000198641065348709910000670145316045,test-network
9,15,9,93093352677139e834889e6a0a8be52d125af1c58030310ae1851e28a759099e,2022-01-26 14:36:31.718,basic,200.0,Org2MSP,"{""Org2MSP"",""Org1MSP""}",,ENDORSER_TRANSACTION,"[{'chaincode': '_lifecycle', 'set': [{'key': 'namespaces/fields/basic/Sequence', 'version': {'block_num': {'low': 5, 'high': 0, 'unsigned': True}, 'tx_num': {'low': 0, 'high': 0, 'unsigned': True}}}]}, {'chaincode': 'basic', 'set': [{'key': 'asset1', 'version': {'block_num': {'low': 8, 'high': 0, 'unsigned': True}, 'tx_num': {'low': 0, 'high': 0, 'unsigned': True}}}]}]","[{'chaincode': '_lifecycle', 'set': []}, {'chaincode': 'basic', 'set': [{'key': 'asset1', 'is_delete': False, 'value': '{""AppraisedValue"":300,""Color"":""blue"",""ID"":""asset1"",""Owner"":""Tomoko"",""Size"":5}'}]}]",08f902a7a260c02b740c94eb1678a9d0fab44796049c845ff2508649a92ff717,VALID,3044220030482005700041000036014210263159013072004500220600000130517901383096744300000599002570017230,1271256261736963,"-----BEGIN CERTIFICATE-----
MIICKjCCAdCgAwIBAgIRAOTfGsg1xr3jFaMvBAO/mVMwCgYIKoZIzj0EAwIwczEL
MAkGA1UEBhMCVVMxEzARBgNVBAgTCkNhbGlmb3JuaWExFjAUBgNVBAcTDVNhbiBG
cmFuY2lzY28xGTAXBgNVBAoTEG9yZzIuZXhhbXBsZS5jb20xHDAaBgNVBAMTE2Nh
Lm9yZzIuZXhhbXBsZS5jb20wHhcNMjIwMTI1MTEyNTAwWhcNMzIwMTIzMTEyNTAw
WjBrMQswCQYDVQQGEwJVUzETMBEGA1UECBMKQ2FsaWZvcm5pYTEWMBQGA1UEBxMN
U2FuIEZyYW5jaXNjbzEOMAwGA1UECxMFYWRtaW4xHzAdBgNVBAMMFkFkbWluQG9y
ZzIuZXhhbXBsZS5jb20wWTATBgcqhkjOPQIBBggqhkjOPQMBBwNCAATWvgmIfKDe
OLDAik7SLCBctxbp+QTr950G/of1vBs3mSahN54ilwyZbAN2u/CFM2OxEtlWaast
RxFLBRhtwtNro00wSzAOBgNVHQ8BAf8EBAMCB4AwDAYDVR0TAQH/BAIwADArBgNV
HSMEJDAigCDfCK7uqiaT1ex+Aos8I46e5prI4TnzRdSYYlhjp4/iiDAKBggqhkjO
PQQDAgNIADBFAiEAs3QCCUuSoNfi5/sQUySYQBSSQeAGIM72aws94FhrQ7QCIHEG
YgNsIvqsdb4c2pfqIqdnSw15fFj0uxp9mFLhM4RK
-----END CERTIFICATE-----
",082290690000240004699012035018000,"5472610736665724173736574,617373657431,5400000",,e372ff5bd190da28f12b0dab5631a3d9a084aa32f576df2683b9bc78bbc8e756,,3045221000583040539400770000350087005701287855589680002200007301908603902300071490000000380083067082,test-network
10,16,10,31fccad987b8376b5bc9f238588c67637978ae60316460c5e032ba852fdbbc4a,2022-01-26 14:36:51.795,basic,200.0,Org2MSP,"{""Org1MSP"",""Org2MSP""}",,ENDORSER_TRANSACTION,"[{'chaincode': '_lifecycle', 'set': [{'key': 'namespaces/fields/basic/Sequence', 'version': {'block_num': {'low': 5, 'high': 0, 'unsigned': True}, 'tx_num': {'low': 0, 'high': 0, 'unsigned': True}}}]}, {'chaincode': 'basic', 'set': [{'key': 'asset1', 'version': {'block_num': {'low': 9, 'high': 0, 'unsigned': True}, 'tx_num': {'low': 0, 'high': 0, 'unsigned': True}}}]}]","[{'chaincode': '_lifecycle', 'set': []}, {'chaincode': 'basic', 'set': [{'key': 'asset1', 'is_delete': False, 'value': '{""AppraisedValue"":300,""Color"":""blue"",""ID"":""asset1"",""Owner"":""Jin Soo"",""Size"":5}'}]}]",08f902a7a260c02b740c94eb1678a9d0fab44796049c845ff2508649a92ff717,VALID,3045221001407400297003200000022040039011000091000022048008381000070054550690054001449057000013252066,1271256261736963,"-----BEGIN CERTIFICATE-----
MIICKjCCAdCgAwIBAgIRAOTfGsg1xr3jFaMvBAO/mVMwCgYIKoZIzj0EAwIwczEL
MAkGA1UEBhMCVVMxEzARBgNVBAgTCkNhbGlmb3JuaWExFjAUBgNVBAcTDVNhbiBG
cmFuY2lzY28xGTAXBgNVBAoTEG9yZzIuZXhhbXBsZS5jb20xHDAaBgNVBAMTE2Nh
Lm9yZzIuZXhhbXBsZS5jb20wHhcNMjIwMTI1MTEyNTAwWhcNMzIwMTIzMTEyNTAw
WjBrMQswCQYDVQQGEwJVUzETMBEGA1UECBMKQ2FsaWZvcm5pYTEWMBQGA1UEBxMN
U2FuIEZyYW5jaXNjbzEOMAwGA1UECxMFYWRtaW4xHzAdBgNVBAMMFkFkbWluQG9y
ZzIuZXhhbXBsZS5jb20wWTATBgcqhkjOPQIBBggqhkjOPQMBBwNCAATWvgmIfKDe
OLDAik7SLCBctxbp+QTr950G/of1vBs3mSahN54ilwyZbAN2u/CFM2OxEtlWaast
RxFLBRhtwtNro00wSzAOBgNVHQ8BAf8EBAMCB4AwDAYDVR0TAQH/BAIwADArBgNV
HSMEJDAigCDfCK7uqiaT1ex+Aos8I46e5prI4TnzRdSYYlhjp4/iiDAKBggqhkjO
PQQDAgNIADBFAiEAs3QCCUuSoNfi5/sQUySYQBSSQeAGIM72aws94FhrQ7QCIHEG
YgNsIvqsdb4c2pfqIqdnSw15fFj0uxp9mFLhM4RK
-----END CERTIFICATE-----
",0008783000600000877900004983000,"5472610736665724173736574,617373657431,0690205300",,e96161a465e0bd3bc452a0cf290e676cc0cd660f68963381d3b08f1ced8b0656,,304422055000052550068004125234079000073680000545500022025657906407129000078600005100000100501700033,test-network
11,17,11,c8f9d51e11a05f948d11b557a173452a09e2bb56fbe6d9221d9786b40ad7c109,2022-01-26 14:37:00.677,basic,200.0,Org2MSP,"{""Org2MSP"",""Org1MSP""}",,ENDORSER_TRANSACTION,"[{'chaincode': '_lifecycle', 'set': [{'key': 'namespaces/fields/basic/Sequence', 'version': {'block_num': {'low': 5, 'high': 0, 'unsigned': True}, 'tx_num': {'low': 0, 'high': 0, 'unsigned': True}}}]}, {'chaincode': 'basic', 'set': [{'key': 'asset1', 'version': {'block_num': {'low': 10, 'high': 0, 'unsigned': True}, 'tx_num': {'low': 0, 'high': 0, 'unsigned': True}}}]}]","[{'chaincode': '_lifecycle', 'set': []}, {'chaincode': 'basic', 'set': [{'key': 'asset1', 'is_delete': False, 'value': '{""AppraisedValue"":300,""Color"":""blue"",""ID"":""asset1"",""Owner"":""Tomoko"",""Size"":5}'}]}]",08f902a7a260c02b740c94eb1678a9d0fab44796049c845ff2508649a92ff717,VALID,304422050000033060044000680080040010940002500001502200000000437000240007920002753390045086218427,1271256261736963,"-----BEGIN CERTIFICATE-----
MIICKjCCAdCgAwIBAgIRAOTfGsg1xr3jFaMvBAO/mVMwCgYIKoZIzj0EAwIwczEL
MAkGA1UEBhMCVVMxEzARBgNVBAgTCkNhbGlmb3JuaWExFjAUBgNVBAcTDVNhbiBG
cmFuY2lzY28xGTAXBgNVBAoTEG9yZzIuZXhhbXBsZS5jb20xHDAaBgNVBAMTE2Nh
Lm9yZzIuZXhhbXBsZS5jb20wHhcNMjIwMTI1MTEyNTAwWhcNMzIwMTIzMTEyNTAw
WjBrMQswCQYDVQQGEwJVUzETMBEGA1UECBMKQ2FsaWZvcm5pYTEWMBQGA1UEBxMN
U2FuIEZyYW5jaXNjbzEOMAwGA1UECxMFYWRtaW4xHzAdBgNVBAMMFkFkbWluQG9y
ZzIuZXhhbXBsZS5jb20wWTATBgcqhkjOPQIBBggqhkjOPQMBBwNCAATWvgmIfKDe
OLDAik7SLCBctxbp+QTr950G/of1vBs3mSahN54ilwyZbAN2u/CFM2OxEtlWaast
RxFLBRhtwtNro00wSzAOBgNVHQ8BAf8EBAMCB4AwDAYDVR0TAQH/BAIwADArBgNV
HSMEJDAigCDfCK7uqiaT1ex+Aos8I46e5prI4TnzRdSYYlhjp4/iiDAKBggqhkjO
PQQDAgNIADBFAiEAs3QCCUuSoNfi5/sQUySYQBSSQeAGIM72aws94FhrQ7QCIHEG
YgNsIvqsdb4c2pfqIqdnSw15fFj0uxp9mFLhM4RK
-----END CERTIFICATE-----
",1700679527265859906400095007000460,"5472610736665724173736574,617373657431,5400000",,65112b74ded1daf3958f5e0bc1f032359b07bba67b64883769ef6ea2cac823b8,,30452210035037089050200004900079587500380007800014022030110170003204208066400022180055100000770,test-network
12,18,12,1c4be0df97a0aefc3e66cddca99e576de81641391efa0d93739fb6b46d25c3fc,2022-01-26 21:43:00.405,basic,200.0,Org2MSP,"{""Org1MSP"",""Org2MSP""}",,ENDORSER_TRANSACTION,"[{'chaincode': '_lifecycle', 'set': [{'key': 'namespaces/fields/basic/Sequence', 'version': {'block_num': {'low': 5, 'high': 0, 'unsigned': True}, 'tx_num': {'low': 0, 'high': 0, 'unsigned': True}}}]}, {'chaincode': 'basic', 'set': [{'key': 'asset1', 'version': {'block_num': {'low': 11, 'high': 0, 'unsigned': True}, 'tx_num': {'low': 0, 'high': 0, 'unsigned': True}}}]}]","[{'chaincode': '_lifecycle', 'set': []}, {'chaincode': 'basic', 'set': [{'key': 'asset1', 'is_delete': False, 'value': '{""AppraisedValue"":300,""Color"":""blue"",""ID"":""asset1"",""Owner"":""Christopher"",""Size"":5}'}]}]",08f902a7a260c02b740c94eb1678a9d0fab44796049c845ff2508649a92ff717,VALID,304422059079000009494580000879721000086049000056052200038750042005400000000070005540000000,1271256261736963,"-----BEGIN CERTIFICATE-----
MIICKjCCAdCgAwIBAgIRAOTfGsg1xr3jFaMvBAO/mVMwCgYIKoZIzj0EAwIwczEL
MAkGA1UEBhMCVVMxEzARBgNVBAgTCkNhbGlmb3JuaWExFjAUBgNVBAcTDVNhbiBG
cmFuY2lzY28xGTAXBgNVBAoTEG9yZzIuZXhhbXBsZS5jb20xHDAaBgNVBAMTE2Nh
Lm9yZzIuZXhhbXBsZS5jb20wHhcNMjIwMTI1MTEyNTAwWhcNMzIwMTIzMTEyNTAw
WjBrMQswCQYDVQQGEwJVUzETMBEGA1UECBMKQ2FsaWZvcm5pYTEWMBQGA1UEBxMN
U2FuIEZyYW5jaXNjbzEOMAwGA1UECxMFYWRtaW4xHzAdBgNVBAMMFkFkbWluQG9y
ZzIuZXhhbXBsZS5jb20wWTATBgcqhkjOPQIBBggqhkjOPQMBBwNCAATWvgmIfKDe
OLDAik7SLCBctxbp+QTr950G/of1vBs3mSahN54ilwyZbAN2u/CFM2OxEtlWaast
RxFLBRhtwtNro00wSzAOBgNVHQ8BAf8EBAMCB4AwDAYDVR0TAQH/BAIwADArBgNV
HSMEJDAigCDfCK7uqiaT1ex+Aos8I46e5prI4TnzRdSYYlhjp4/iiDAKBggqhkjO
PQQDAgNIADBFAiEAs3QCCUuSoNfi5/sQUySYQBSSQeAGIM72aws94FhrQ7QCIHEG
YgNsIvqsdb4c2pfqIqdnSw15fFj0uxp9mFLhM4RK
-----END CERTIFICATE-----
",09803500590030453971720000251000,"5472610736665724173736574,617373657431,436872697374070686572",,ead1af1a35c40308406e4ad2efd14733760d756e173b5160468681462eb8edf9,,30442206006383018069047430140076580100003405300000220399800707600015760031500053420067957200000000,test-network
13,19,13,9563504bab9dad4dc15dad620f1edfaf735742b44417e7f812892045ee4dd100,2022-01-26 21:43:09.266,basic,200.0,Org2MSP,"{""Org2MSP"",""Org1MSP""}",,ENDORSER_TRANSACTION,"[{'chaincode': '_lifecycle', 'set': [{'key': 'namespaces/fields/basic/Sequence', 'version': {'block_num': {'low': 5, 'high': 0, 'unsigned': True}, 'tx_num': {'low': 0, 'high': 0, 'unsigned': True}}}]}, {'chaincode': 'basic', 'set': [{'key': 'asset1', 'version': {'block_num': {'low': 12, 'high': 0, 'unsigned': True}, 'tx_num': {'low': 0, 'high': 0, 'unsigned': True}}}]}]","[{'chaincode': '_lifecycle', 'set': []}, {'chaincode': 'basic', 'set': [{'key': 'asset1', 'is_delete': False, 'value': '{""AppraisedValue"":300,""Color"":""blue"",""ID"":""asset1"",""Owner"":""Tomoko"",""Size"":5}'}]}]",08f902a7a260c02b740c94eb1678a9d0fab44796049c845ff2508649a92ff717,VALID,3045221001856000007534390000903000050094900100092202781670043240015679661000147107519250008400007145,1271256261736963,"-----BEGIN CERTIFICATE-----
MIICKjCCAdCgAwIBAgIRAOTfGsg1xr3jFaMvBAO/mVMwCgYIKoZIzj0EAwIwczEL
MAkGA1UEBhMCVVMxEzARBgNVBAgTCkNhbGlmb3JuaWExFjAUBgNVBAcTDVNhbiBG
cmFuY2lzY28xGTAXBgNVBAoTEG9yZzIuZXhhbXBsZS5jb20xHDAaBgNVBAMTE2Nh
Lm9yZzIuZXhhbXBsZS5jb20wHhcNMjIwMTI1MTEyNTAwWhcNMzIwMTIzMTEyNTAw
WjBrMQswCQYDVQQGEwJVUzETMBEGA1UECBMKQ2FsaWZvcm5pYTEWMBQGA1UEBxMN
U2FuIEZyYW5jaXNjbzEOMAwGA1UECxMFYWRtaW4xHzAdBgNVBAMMFkFkbWluQG9y
ZzIuZXhhbXBsZS5jb20wWTATBgcqhkjOPQIBBggqhkjOPQMBBwNCAATWvgmIfKDe
OLDAik7SLCBctxbp+QTr950G/of1vBs3mSahN54ilwyZbAN2u/CFM2OxEtlWaast
RxFLBRhtwtNro00wSzAOBgNVHQ8BAf8EBAMCB4AwDAYDVR0TAQH/BAIwADArBgNV
HSMEJDAigCDfCK7uqiaT1ex+Aos8I46e5prI4TnzRdSYYlhjp4/iiDAKBggqhkjO
PQQDAgNIADBFAiEAs3QCCUuSoNfi5/sQUySYQBSSQeAGIM72aws94FhrQ7QCIHEG
YgNsIvqsdb4c2pfqIqdnSw15fFj0uxp9mFLhM4RK
-----END CERTIFICATE-----
",238480034601600152134470978102570832183,"5472610736665724173736574,617373657431,5400000",,6f312c77491ad09bf287ba10c5731da2595c7fbf880c3944a9a095f66462878d,,30442202609870328300006507200116085059001500009500452201118354723055005400003000125800008400006977,test-network
14,20,14,570652120fccaf7452b09aef2261df7ee4e3697acbc01a3078908ec065f47f15,2022-01-26 21:43:12.170,basic,200.0,Org2MSP,"{""Org1MSP"",""Org2MSP""}",,ENDORSER_TRANSACTION,"[{'chaincode': '_lifecycle', 'set': [{'key': 'namespaces/fields/basic/Sequence', 'version': {'block_num': {'low': 5, 'high': 0, 'unsigned': True}, 'tx_num': {'low': 0, 'high': 0, 'unsigned': True}}}]}, {'chaincode': 'basic', 'set': [{'key': 'asset1', 'version': {'block_num': {'low': 13, 'high': 0, 'unsigned': True}, 'tx_num': {'low': 0, 'high': 0, 'unsigned': True}}}]}]","[{'chaincode': '_lifecycle', 'set': []}, {'chaincode': 'basic', 'set': [{'key': 'asset1', 'is_delete': False, 'value': '{""AppraisedValue"":300,""Color"":""blue"",""ID"":""asset1"",""Owner"":""Christopher"",""Size"":5}'}]}]",08f902a7a260c02b740c94eb1678a9d0fab44796049c845ff2508649a92ff717,VALID,30442200268650620004301974020248595510190000692000002200415600966830491747530564000000007616009056616382,1271256261736963,"-----BEGIN CERTIFICATE-----
MIICKjCCAdCgAwIBAgIRAOTfGsg1xr3jFaMvBAO/mVMwCgYIKoZIzj0EAwIwczEL
MAkGA1UEBhMCVVMxEzARBgNVBAgTCkNhbGlmb3JuaWExFjAUBgNVBAcTDVNhbiBG
cmFuY2lzY28xGTAXBgNVBAoTEG9yZzIuZXhhbXBsZS5jb20xHDAaBgNVBAMTE2Nh
Lm9yZzIuZXhhbXBsZS5jb20wHhcNMjIwMTI1MTEyNTAwWhcNMzIwMTIzMTEyNTAw
WjBrMQswCQYDVQQGEwJVUzETMBEGA1UECBMKQ2FsaWZvcm5pYTEWMBQGA1UEBxMN
U2FuIEZyYW5jaXNjbzEOMAwGA1UECxMFYWRtaW4xHzAdBgNVBAMMFkFkbWluQG9y
ZzIuZXhhbXBsZS5jb20wWTATBgcqhkjOPQIBBggqhkjOPQMBBwNCAATWvgmIfKDe
OLDAik7SLCBctxbp+QTr950G/of1vBs3mSahN54ilwyZbAN2u/CFM2OxEtlWaast
RxFLBRhtwtNro00wSzAOBgNVHQ8BAf8EBAMCB4AwDAYDVR0TAQH/BAIwADArBgNV
HSMEJDAigCDfCK7uqiaT1ex+Aos8I46e5prI4TnzRdSYYlhjp4/iiDAKBggqhkjO
PQQDAgNIADBFAiEAs3QCCUuSoNfi5/sQUySYQBSSQeAGIM72aws94FhrQ7QCIHEG
YgNsIvqsdb4c2pfqIqdnSw15fFj0uxp9mFLhM4RK
-----END CERTIFICATE-----
",2200004012000430340690150447220026,"5472610736665724173736574,617373657431,436872697374070686572",,5d76231e9d42a1807f22a26de74cb3cd3d379f71971c0614706499d2cfae5231,,3044220480443118698900063000061900297805100230263943116702204406400005650431500097810499103400005400000,test-network
15,21,15,2dd2fdee2f230536ae3cd48deb5b51ac14afdad530c9ace55b8be0844ce6d93b,2022-01-26 21:43:18.199,basic,200.0,Org2MSP,"{""Org1MSP"",""Org2MSP""}",,ENDORSER_TRANSACTION,"[{'chaincode': '_lifecycle', 'set': [{'key': 'namespaces/fields/basic/Sequence', 'version': {'block_num': {'low': 5, 'high': 0, 'unsigned': True}, 'tx_num': {'low': 0, 'high': 0, 'unsigned': True}}}]}, {'chaincode': 'basic', 'set': [{'key': 'asset1', 'version': {'block_num': {'low': 14, 'high': 0, 'unsigned': True}, 'tx_num': {'low': 0, 'high': 0, 'unsigned': True}}}]}]","[{'chaincode': '_lifecycle', 'set': []}, {'chaincode': 'basic', 'set': [{'key': 'asset1', 'is_delete': False, 'value': '{""AppraisedValue"":300,""Color"":""blue"",""ID"":""asset1"",""Owner"":""Tomoko"",""Size"":5}'}]}]",08f902a7a260c02b740c94eb1678a9d0fab44796049c845ff2508649a92ff717,VALID,3045221007800016860000550300531629000280010000907902207784002100001711060007809300004904683575087463,1271256261736963,"-----BEGIN CERTIFICATE-----
MIICKjCCAdCgAwIBAgIRAOTfGsg1xr3jFaMvBAO/mVMwCgYIKoZIzj0EAwIwczEL
MAkGA1UEBhMCVVMxEzARBgNVBAgTCkNhbGlmb3JuaWExFjAUBgNVBAcTDVNhbiBG
cmFuY2lzY28xGTAXBgNVBAoTEG9yZzIuZXhhbXBsZS5jb20xHDAaBgNVBAMTE2Nh
Lm9yZzIuZXhhbXBsZS5jb20wHhcNMjIwMTI1MTEyNTAwWhcNMzIwMTIzMTEyNTAw
WjBrMQswCQYDVQQGEwJVUzETMBEGA1UECBMKQ2FsaWZvcm5pYTEWMBQGA1UEBxMN
U2FuIEZyYW5jaXNjbzEOMAwGA1UECxMFYWRtaW4xHzAdBgNVBAMMFkFkbWluQG9y
ZzIuZXhhbXBsZS5jb20wWTATBgcqhkjOPQIBBggqhkjOPQMBBwNCAATWvgmIfKDe
OLDAik7SLCBctxbp+QTr950G/of1vBs3mSahN54ilwyZbAN2u/CFM2OxEtlWaast
RxFLBRhtwtNro00wSzAOBgNVHQ8BAf8EBAMCB4AwDAYDVR0TAQH/BAIwADArBgNV
HSMEJDAigCDfCK7uqiaT1ex+Aos8I46e5prI4TnzRdSYYlhjp4/iiDAKBggqhkjO
PQQDAgNIADBFAiEAs3QCCUuSoNfi5/sQUySYQBSSQeAGIM72aws94FhrQ7QCIHEG
YgNsIvqsdb4c2pfqIqdnSw15fFj0uxp9mFLhM4RK
-----END CERTIFICATE-----
",0024303160815300048063720002512500,"5472610736665724173736574,617373657431,5400000",,deef938369f1cd76c70070e64a24766219acfbc9965420f4279de84dc232cc0b,,304422023659803540061000840007157300000000329198002204400035002739000000057080069006405447030014,test-network
16,22,16,8c1dd7d62bf110f4386934f28bfa8c88e2a24cf84e9f2d35ba8b05cd03ba1862,2022-01-26 21:43:20.539,basic,200.0,Org2MSP,"{""Org2MSP"",""Org1MSP""}",,ENDORSER_TRANSACTION,"[{'chaincode': '_lifecycle', 'set': [{'key': 'namespaces/fields/basic/Sequence', 'version': {'block_num': {'low': 5, 'high': 0, 'unsigned': True}, 'tx_num': {'low': 0, 'high': 0, 'unsigned': True}}}]}, {'chaincode': 'basic', 'set': [{'key': 'asset1', 'version': {'block_num': {'low': 15, 'high': 0, 'unsigned': True}, 'tx_num': {'low': 0, 'high': 0, 'unsigned': True}}}]}]","[{'chaincode': '_lifecycle', 'set': []}, {'chaincode': 'basic', 'set': [{'key': 'asset1', 'is_delete': False, 'value': '{""AppraisedValue"":300,""Color"":""blue"",""ID"":""asset1"",""Owner"":""Christopher"",""Size"":5}'}]}]",08f902a7a260c02b740c94eb1678a9d0fab44796049c845ff2508649a92ff717,VALID,304522100738500780040064443700074500000077039092971922013000000005378420290046089600848518014806305243,1271256261736963,"-----BEGIN CERTIFICATE-----
MIICKjCCAdCgAwIBAgIRAOTfGsg1xr3jFaMvBAO/mVMwCgYIKoZIzj0EAwIwczEL
MAkGA1UEBhMCVVMxEzARBgNVBAgTCkNhbGlmb3JuaWExFjAUBgNVBAcTDVNhbiBG
cmFuY2lzY28xGTAXBgNVBAoTEG9yZzIuZXhhbXBsZS5jb20xHDAaBgNVBAMTE2Nh
Lm9yZzIuZXhhbXBsZS5jb20wHhcNMjIwMTI1MTEyNTAwWhcNMzIwMTIzMTEyNTAw
WjBrMQswCQYDVQQGEwJVUzETMBEGA1UECBMKQ2FsaWZvcm5pYTEWMBQGA1UEBxMN
U2FuIEZyYW5jaXNjbzEOMAwGA1UECxMFYWRtaW4xHzAdBgNVBAMMFkFkbWluQG9y
ZzIuZXhhbXBsZS5jb20wWTATBgcqhkjOPQIBBggqhkjOPQMBBwNCAATWvgmIfKDe
OLDAik7SLCBctxbp+QTr950G/of1vBs3mSahN54ilwyZbAN2u/CFM2OxEtlWaast
RxFLBRhtwtNro00wSzAOBgNVHQ8BAf8EBAMCB4AwDAYDVR0TAQH/BAIwADArBgNV
HSMEJDAigCDfCK7uqiaT1ex+Aos8I46e5prI4TnzRdSYYlhjp4/iiDAKBggqhkjO
PQQDAgNIADBFAiEAs3QCCUuSoNfi5/sQUySYQBSSQeAGIM72aws94FhrQ7QCIHEG
YgNsIvqsdb4c2pfqIqdnSw15fFj0uxp9mFLhM4RK
-----END CERTIFICATE-----
",00007200002300554379345742605336060,"5472610736665724173736574,617373657431,436872697374070686572",,2bf971feacccd65c50cde72dcc26ddb26197a44d8d49067e89c4c2241f35f243,,30452210000001000680022068007051360000010410650087220007904300002100728551425804607000000000008,test-network
17,23,16,1c135e81dc3b71b035f5637fda7b8caaae31a5b8f71a5d3a1017d4d93820cf38,2022-01-26 21:43:22.506,basic,200.0,Org2MSP,"{""Org2MSP"",""Org1MSP""}",,ENDORSER_TRANSACTION,"[{'chaincode': '_lifecycle', 'set': [{'key': 'namespaces/fields/basic/Sequence', 'version': {'block_num': {'low': 5, 'high': 0, 'unsigned': True}, 'tx_num': {'low': 0, 'high': 0, 'unsigned': True}}}]}, {'chaincode': 'basic', 'set': [{'key': 'asset1', 'version': {'block_num': {'low': 15, 'high': 0, 'unsigned': True}, 'tx_num': {'low': 0, 'high': 0, 'unsigned': True}}}]}]","[{'chaincode': '_lifecycle', 'set': []}, {'chaincode': 'basic', 'set': [{'key': 'asset1', 'is_delete': False, 'value': '{""AppraisedValue"":300,""Color"":""blue"",""ID"":""asset1"",""Owner"":""Tomoko"",""Size"":5}'}]}]",08f902a7a260c02b740c94eb1678a9d0fab44796049c845ff2508649a92ff717,MVCC_READ_CONFLICT,30452210002505066007642094270007600033000155100002122000097002517902500040040000000660900300,1271256261736963,"-----BEGIN CERTIFICATE-----
MIICKjCCAdCgAwIBAgIRAOTfGsg1xr3jFaMvBAO/mVMwCgYIKoZIzj0EAwIwczEL
MAkGA1UEBhMCVVMxEzARBgNVBAgTCkNhbGlmb3JuaWExFjAUBgNVBAcTDVNhbiBG
cmFuY2lzY28xGTAXBgNVBAoTEG9yZzIuZXhhbXBsZS5jb20xHDAaBgNVBAMTE2Nh
Lm9yZzIuZXhhbXBsZS5jb20wHhcNMjIwMTI1MTEyNTAwWhcNMzIwMTIzMTEyNTAw
WjBrMQswCQYDVQQGEwJVUzETMBEGA1UECBMKQ2FsaWZvcm5pYTEWMBQGA1UEBxMN
U2FuIEZyYW5jaXNjbzEOMAwGA1UECxMFYWRtaW4xHzAdBgNVBAMMFkFkbWluQG9y
ZzIuZXhhbXBsZS5jb20wWTATBgcqhkjOPQIBBggqhkjOPQMBBwNCAATWvgmIfKDe
OLDAik7SLCBctxbp+QTr950G/of1vBs3mSahN54ilwyZbAN2u/CFM2OxEtlWaast
RxFLBRhtwtNro00wSzAOBgNVHQ8BAf8EBAMCB4AwDAYDVR0TAQH/BAIwADArBgNV
HSMEJDAigCDfCK7uqiaT1ex+Aos8I46e5prI4TnzRdSYYlhjp4/iiDAKBggqhkjO
PQQDAgNIADBFAiEAs3QCCUuSoNfi5/sQUySYQBSSQeAGIM72aws94FhrQ7QCIHEG
YgNsIvqsdb4c2pfqIqdnSw15fFj0uxp9mFLhM4RK
-----END CERTIFICATE-----
",09700340082619404600526300500006940,"5472610736665724173736574,617373657431,5400000",,f57add7b7407d3b3f73ce06d9f09c7016df34dc527e54f16b8d4c08519e064e0,,304522100000750497900810081004641000095020378004817220470000595558540754208000410860720090300350000,test-network
18,24,17,dfbca316092cd406c92e7c18ebbc6a0e4f3ac160cea483ae2035152aba56938a,2022-01-26 21:43:24.141,basic,200.0,Org2MSP,"{""Org1MSP"",""Org2MSP""}",,ENDORSER_TRANSACTION,"[{'chaincode': '_lifecycle', 'set': [{'key': 'namespaces/fields/basic/Sequence', 'version': {'block_num': {'low': 5, 'high': 0, 'unsigned': True}, 'tx_num': {'low': 0, 'high': 0, 'unsigned': True}}}]}, {'chaincode': 'basic', 'set': [{'key': 'asset1', 'version': {'block_num': {'low': 16, 'high': 0, 'unsigned': True}, 'tx_num': {'low': 0, 'high': 0, 'unsigned': True}}}]}]","[{'chaincode': '_lifecycle', 'set': []}, {'chaincode': 'basic', 'set': [{'key': 'asset1', 'is_delete': False, 'value': '{""AppraisedValue"":300,""Color"":""blue"",""ID"":""asset1"",""Owner"":""Christopher"",""Size"":5}'}]}]",08f902a7a260c02b740c94eb1678a9d0fab44796049c845ff2508649a92ff717,VALID,3044220670093000000005400240150000005900007800220000000008238000000078004100000005000,1271256261736963,"-----BEGIN CERTIFICATE-----
MIICKjCCAdCgAwIBAgIRAOTfGsg1xr3jFaMvBAO/mVMwCgYIKoZIzj0EAwIwczEL
MAkGA1UEBhMCVVMxEzARBgNVBAgTCkNhbGlmb3JuaWExFjAUBgNVBAcTDVNhbiBG
cmFuY2lzY28xGTAXBgNVBAoTEG9yZzIuZXhhbXBsZS5jb20xHDAaBgNVBAMTE2Nh
Lm9yZzIuZXhhbXBsZS5jb20wHhcNMjIwMTI1MTEyNTAwWhcNMzIwMTIzMTEyNTAw
WjBrMQswCQYDVQQGEwJVUzETMBEGA1UECBMKQ2FsaWZvcm5pYTEWMBQGA1UEBxMN
U2FuIEZyYW5jaXNjbzEOMAwGA1UECxMFYWRtaW4xHzAdBgNVBAMMFkFkbWluQG9y
ZzIuZXhhbXBsZS5jb20wWTATBgcqhkjOPQIBBggqhkjOPQMBBwNCAATWvgmIfKDe
OLDAik7SLCBctxbp+QTr950G/of1vBs3mSahN54ilwyZbAN2u/CFM2OxEtlWaast
RxFLBRhtwtNro00wSzAOBgNVHQ8BAf8EBAMCB4AwDAYDVR0TAQH/BAIwADArBgNV
HSMEJDAigCDfCK7uqiaT1ex+Aos8I46e5prI4TnzRdSYYlhjp4/iiDAKBggqhkjO
PQQDAgNIADBFAiEAs3QCCUuSoNfi5/sQUySYQBSSQeAGIM72aws94FhrQ7QCIHEG
YgNsIvqsdb4c2pfqIqdnSw15fFj0uxp9mFLhM4RK
-----END CERTIFICATE-----
",87847437003407006855080022014891193103042,"5472610736665724173736574,617373657431,436872697374070686572",,674b5e2fe0bdd0367fbb3629affaab63cfcea11bfb37fec4c44038487d625c1c,,30442203061001800074800220790494500081008008700442200660073709591860010480200340000820382020954168500,test-network
19,25,17,67e6d36660cd3b1af1816e50467a2ea714b38fbf502c7e0c24d5f8489b0cfe63,2022-01-26 21:43:25.529,basic,200.0,Org2MSP,"{""Org2MSP"",""Org1MSP""}",,ENDORSER_TRANSACTION,"[{'chaincode': '_lifecycle', 'set': [{'key': 'namespaces/fields/basic/Sequence', 'version': {'block_num': {'low': 5, 'high': 0, 'unsigned': True}, 'tx_num': {'low': 0, 'high': 0, 'unsigned': True}}}]}, {'chaincode': 'basic', 'set': [{'key': 'asset1', 'version': {'block_num': {'low': 16, 'high': 0, 'unsigned': True}, 'tx_num': {'low': 0, 'high': 0, 'unsigned': True}}}]}]","[{'chaincode': '_lifecycle', 'set': []}, {'chaincode': 'basic', 'set': [{'key': 'asset1', 'is_delete': False, 'value': '{""AppraisedValue"":300,""Color"":""blue"",""ID"":""asset1"",""Owner"":""Tomoko"",""Size"":5}'}]}]",08f902a7a260c02b740c94eb1678a9d0fab44796049c845ff2508649a92ff717,MVCC_READ_CONFLICT,304522100596850089000000000006999644108063322001290022010046052675719000000715602005153006406800000,1271256261736963,"-----BEGIN CERTIFICATE-----
MIICKjCCAdCgAwIBAgIRAOTfGsg1xr3jFaMvBAO/mVMwCgYIKoZIzj0EAwIwczEL
MAkGA1UEBhMCVVMxEzARBgNVBAgTCkNhbGlmb3JuaWExFjAUBgNVBAcTDVNhbiBG
cmFuY2lzY28xGTAXBgNVBAoTEG9yZzIuZXhhbXBsZS5jb20xHDAaBgNVBAMTE2Nh
Lm9yZzIuZXhhbXBsZS5jb20wHhcNMjIwMTI1MTEyNTAwWhcNMzIwMTIzMTEyNTAw
WjBrMQswCQYDVQQGEwJVUzETMBEGA1UECBMKQ2FsaWZvcm5pYTEWMBQGA1UEBxMN
U2FuIEZyYW5jaXNjbzEOMAwGA1UECxMFYWRtaW4xHzAdBgNVBAMMFkFkbWluQG9y
ZzIuZXhhbXBsZS5jb20wWTATBgcqhkjOPQIBBggqhkjOPQMBBwNCAATWvgmIfKDe
OLDAik7SLCBctxbp+QTr950G/of1vBs3mSahN54ilwyZbAN2u/CFM2OxEtlWaast
RxFLBRhtwtNro00wSzAOBgNVHQ8BAf8EBAMCB4AwDAYDVR0TAQH/BAIwADArBgNV
HSMEJDAigCDfCK7uqiaT1ex+Aos8I46e5prI4TnzRdSYYlhjp4/iiDAKBggqhkjO
PQQDAgNIADBFAiEAs3QCCUuSoNfi5/sQUySYQBSSQeAGIM72aws94FhrQ7QCIHEG
YgNsIvqsdb4c2pfqIqdnSw15fFj0uxp9mFLhM4RK
-----END CERTIFICATE-----
",5297500062630000000006203000036,"5472610736665724173736574,617373657431,5400000",,a0f5e284a04c4b7e00d345cca41f4b22eaf5e853240eaf82e3860d65ae1aa542,,3044220060087005542520007913008000000047020742205122066140550063290000755212000780069022002404558760,test-network
20,26,18,c8070ce217128cd72118ce8f7398af02e05833d1457d749fbeb46679de5f4d92,2022-01-26 21:44:14.563,basic,200.0,Org2MSP,"{""Org1MSP"",""Org2MSP""}",,ENDORSER_TRANSACTION,"[{'chaincode': '_lifecycle', 'set': [{'key': 'namespaces/fields/basic/Sequence', 'version': {'block_num': {'low': 5, 'high': 0, 'unsigned': True}, 'tx_num': {'low': 0, 'high': 0, 'unsigned': True}}}]}, {'chaincode': 'basic', 'set': [{'key': 'asset2', 'version': {'block_num': {'low': 6, 'high': 0, 'unsigned': True}, 'tx_num': {'low': 0, 'high': 0, 'unsigned': True}}}]}]","[{'chaincode': '_lifecycle', 'set': []}, {'chaincode': 'basic', 'set': [{'key': 'asset2', 'is_delete': False, 'value': '{""AppraisedValue"":400,""Color"":""red"",""ID"":""asset2"",""Owner"":""Tomoko"",""Size"":5}'}]}]",08f902a7a260c02b740c94eb1678a9d0fab44796049c845ff2508649a92ff717,VALID,304422065071900014500373500330418603709587500091920002200540064740000000870028038617200006171004500,1271256261736963,"-----BEGIN CERTIFICATE-----
MIICKjCCAdCgAwIBAgIRAOTfGsg1xr3jFaMvBAO/mVMwCgYIKoZIzj0EAwIwczEL
MAkGA1UEBhMCVVMxEzARBgNVBAgTCkNhbGlmb3JuaWExFjAUBgNVBAcTDVNhbiBG
cmFuY2lzY28xGTAXBgNVBAoTEG9yZzIuZXhhbXBsZS5jb20xHDAaBgNVBAMTE2Nh
Lm9yZzIuZXhhbXBsZS5jb20wHhcNMjIwMTI1MTEyNTAwWhcNMzIwMTIzMTEyNTAw
WjBrMQswCQYDVQQGEwJVUzETMBEGA1UECBMKQ2FsaWZvcm5pYTEWMBQGA1UEBxMN
U2FuIEZyYW5jaXNjbzEOMAwGA1UECxMFYWRtaW4xHzAdBgNVBAMMFkFkbWluQG9y
ZzIuZXhhbXBsZS5jb20wWTATBgcqhkjOPQIBBggqhkjOPQMBBwNCAATWvgmIfKDe
OLDAik7SLCBctxbp+QTr950G/of1vBs3mSahN54ilwyZbAN2u/CFM2OxEtlWaast
RxFLBRhtwtNro00wSzAOBgNVHQ8BAf8EBAMCB4AwDAYDVR0TAQH/BAIwADArBgNV
HSMEJDAigCDfCK7uqiaT1ex+Aos8I46e5prI4TnzRdSYYlhjp4/iiDAKBggqhkjO
PQQDAgNIADBFAiEAs3QCCUuSoNfi5/sQUySYQBSSQeAGIM72aws94FhrQ7QCIHEG
YgNsIvqsdb4c2pfqIqdnSw15fFj0uxp9mFLhM4RK
-----END CERTIFICATE-----
",0001100000370000489000031085170,"5472610736665724173736574,617373657432,5400000",,b7e9a3d80d6d7c37060a3dea116b9118a509327a16d250bb45d878abc608a1d0,,3044220172000000700970000960035533671290013004408402203623491680025062004600250500000420797309603700,test-network
21,27,19,fec5820450785da631ce67c9c4023ca5b8ef2586a143702b5c75100f3673e112,2022-01-26 21:44:22.857,basic,200.0,Org2MSP,"{""Org1MSP"",""Org2MSP""}",,ENDORSER_TRANSACTION,"[{'chaincode': '_lifecycle', 'set': [{'key': 'namespaces/fields/basic/Sequence', 'version': {'block_num': {'low': 5, 'high': 0, 'unsigned': True}, 'tx_num': {'low': 0, 'high': 0, 'unsigned': True}}}]}, {'chaincode': 'basic', 'set': [{'key': 'asset3', 'version': {'block_num': {'low': 6, 'high': 0, 'unsigned': True}, 'tx_num': {'low': 0, 'high': 0, 'unsigned': True}}}]}]","[{'chaincode': '_lifecycle', 'set': []}, {'chaincode': 'basic', 'set': [{'key': 'asset3', 'is_delete': False, 'value': '{""AppraisedValue"":500,""Color"":""green"",""ID"":""asset3"",""Owner"":""Tomoko"",""Size"":10}'}]}]",08f902a7a260c02b740c94eb1678a9d0fab44796049c845ff2508649a92ff717,VALID,304522100000000041020000000000010064045022520522039037267128014807807267005503962000085000141400,1271256261736963,"-----BEGIN CERTIFICATE-----
MIICKjCCAdCgAwIBAgIRAOTfGsg1xr3jFaMvBAO/mVMwCgYIKoZIzj0EAwIwczEL
MAkGA1UEBhMCVVMxEzARBgNVBAgTCkNhbGlmb3JuaWExFjAUBgNVBAcTDVNhbiBG
cmFuY2lzY28xGTAXBgNVBAoTEG9yZzIuZXhhbXBsZS5jb20xHDAaBgNVBAMTE2Nh
Lm9yZzIuZXhhbXBsZS5jb20wHhcNMjIwMTI1MTEyNTAwWhcNMzIwMTIzMTEyNTAw
WjBrMQswCQYDVQQGEwJVUzETMBEGA1UECBMKQ2FsaWZvcm5pYTEWMBQGA1UEBxMN
U2FuIEZyYW5jaXNjbzEOMAwGA1UECxMFYWRtaW4xHzAdBgNVBAMMFkFkbWluQG9y
ZzIuZXhhbXBsZS5jb20wWTATBgcqhkjOPQIBBggqhkjOPQMBBwNCAATWvgmIfKDe
OLDAik7SLCBctxbp+QTr950G/of1vBs3mSahN54ilwyZbAN2u/CFM2OxEtlWaast
RxFLBRhtwtNro00wSzAOBgNVHQ8BAf8EBAMCB4AwDAYDVR0TAQH/BAIwADArBgNV
HSMEJDAigCDfCK7uqiaT1ex+Aos8I46e5prI4TnzRdSYYlhjp4/iiDAKBggqhkjO
PQQDAgNIADBFAiEAs3QCCUuSoNfi5/sQUySYQBSSQeAGIM72aws94FhrQ7QCIHEG
YgNsIvqsdb4c2pfqIqdnSw15fFj0uxp9mFLhM4RK
-----END CERTIFICATE-----
",00023170000310083000816003278810,"5472610736665724173736574,617373657433,5400000",,1181c7a976b15fae3a8747ffeecf3ccaaa7120cc0056abcd78c2e8de2246d144,,304522100048326338408302801873000806870047055030473105402202786000038560000008100756520980000077021035,test-network
22,28,20,852b82219a882c69ab8074bed44d36a512abd920ada24aad73b3330bb5c58cb9,2022-01-26 21:44:27.892,basic,200.0,Org2MSP,"{""Org2MSP"",""Org1MSP""}",,ENDORSER_TRANSACTION,"[{'chaincode': '_lifecycle', 'set': [{'key': 'namespaces/fields/basic/Sequence', 'version': {'block_num': {'low': 5, 'high': 0, 'unsigned': True}, 'tx_num': {'low': 0, 'high': 0, 'unsigned': True}}}]}, {'chaincode': 'basic', 'set': [{'key': 'asset4', 'version': {'block_num': {'low': 6, 'high': 0, 'unsigned': True}, 'tx_num': {'low': 0, 'high': 0, 'unsigned': True}}}]}]","[{'chaincode': '_lifecycle', 'set': []}, {'chaincode': 'basic', 'set': [{'key': 'asset4', 'is_delete': False, 'value': '{""AppraisedValue"":600,""Color"":""yellow"",""ID"":""asset4"",""Owner"":""Tomoko"",""Size"":10}'}]}]",08f902a7a260c02b740c94eb1678a9d0fab44796049c845ff2508649a92ff717,VALID,3045221004208500000902820551018000480640470969308041002202582858060697200037000000509900350000007957,1271256261736963,"-----BEGIN CERTIFICATE-----
MIICKjCCAdCgAwIBAgIRAOTfGsg1xr3jFaMvBAO/mVMwCgYIKoZIzj0EAwIwczEL
MAkGA1UEBhMCVVMxEzARBgNVBAgTCkNhbGlmb3JuaWExFjAUBgNVBAcTDVNhbiBG
cmFuY2lzY28xGTAXBgNVBAoTEG9yZzIuZXhhbXBsZS5jb20xHDAaBgNVBAMTE2Nh
Lm9yZzIuZXhhbXBsZS5jb20wHhcNMjIwMTI1MTEyNTAwWhcNMzIwMTIzMTEyNTAw
WjBrMQswCQYDVQQGEwJVUzETMBEGA1UECBMKQ2FsaWZvcm5pYTEWMBQGA1UEBxMN
U2FuIEZyYW5jaXNjbzEOMAwGA1UECxMFYWRtaW4xHzAdBgNVBAMMFkFkbWluQG9y
ZzIuZXhhbXBsZS5jb20wWTATBgcqhkjOPQIBBggqhkjOPQMBBwNCAATWvgmIfKDe
OLDAik7SLCBctxbp+QTr950G/of1vBs3mSahN54ilwyZbAN2u/CFM2OxEtlWaast
RxFLBRhtwtNro00wSzAOBgNVHQ8BAf8EBAMCB4AwDAYDVR0TAQH/BAIwADArBgNV
HSMEJDAigCDfCK7uqiaT1ex+Aos8I46e5prI4TnzRdSYYlhjp4/iiDAKBggqhkjO
PQQDAgNIADBFAiEAs3QCCUuSoNfi5/sQUySYQBSSQeAGIM72aws94FhrQ7QCIHEG
YgNsIvqsdb4c2pfqIqdnSw15fFj0uxp9mFLhM4RK
-----END CERTIFICATE-----
",81006000776667001900006000097780,"5472610736665724173736574,617373657434,5400000",,8a7675f1add26dc3a05dfa640c00eda2f51357ce9a0677ff873bd82004a129dc,,304422059007800047003789005948000000369021800000220700917000000000061350009980470000670006866,test-network
23,29,21,816b2678e26846a582385d63fdf9978abdaf1fd2adc56d3f362f2b73dd7909bf,2022-01-26 22:11:06.893,basic,200.0,Org2MSP,"{""Org1MSP"",""Org2MSP""}",,ENDORSER_TRANSACTION,"[{'chaincode': '_lifecycle', 'set': [{'key': 'namespaces/fields/basic/Sequence', 'version': {'block_num': {'low': 5, 'high': 0, 'unsigned': True}, 'tx_num': {'low': 0, 'high': 0, 'unsigned': True}}}]}, {'chaincode': 'basic', 'set': [{'key': 'asset4', 'version': {'block_num': {'low': 20, 'high': 0, 'unsigned': True}, 'tx_num': {'low': 0, 'high': 0, 'unsigned': True}}}]}]","[{'chaincode': '_lifecycle', 'set': []}, {'chaincode': 'basic', 'set': [{'key': 'asset4', 'is_delete': False, 'value': '{""AppraisedValue"":600,""Color"":""yellow"",""ID"":""asset4"",""Owner"":""Brad"",""Size"":10}'}]}]",08f902a7a260c02b740c94eb1678a9d0fab44796049c845ff2508649a92ff717,VALID,3044220320042880260008100087580628396000002700088002204195009014080376425008200015000000000033105,1271256261736963,"-----BEGIN CERTIFICATE-----
MIICKjCCAdCgAwIBAgIRAOTfGsg1xr3jFaMvBAO/mVMwCgYIKoZIzj0EAwIwczEL
MAkGA1UEBhMCVVMxEzARBgNVBAgTCkNhbGlmb3JuaWExFjAUBgNVBAcTDVNhbiBG
cmFuY2lzY28xGTAXBgNVBAoTEG9yZzIuZXhhbXBsZS5jb20xHDAaBgNVBAMTE2Nh
Lm9yZzIuZXhhbXBsZS5jb20wHhcNMjIwMTI1MTEyNTAwWhcNMzIwMTIzMTEyNTAw
WjBrMQswCQYDVQQGEwJVUzETMBEGA1UECBMKQ2FsaWZvcm5pYTEWMBQGA1UEBxMN
U2FuIEZyYW5jaXNjbzEOMAwGA1UECxMFYWRtaW4xHzAdBgNVBAMMFkFkbWluQG9y
ZzIuZXhhbXBsZS5jb20wWTATBgcqhkjOPQIBBggqhkjOPQMBBwNCAATWvgmIfKDe
OLDAik7SLCBctxbp+QTr950G/of1vBs3mSahN54ilwyZbAN2u/CFM2OxEtlWaast
RxFLBRhtwtNro00wSzAOBgNVHQ8BAf8EBAMCB4AwDAYDVR0TAQH/BAIwADArBgNV
HSMEJDAigCDfCK7uqiaT1ex+Aos8I46e5prI4TnzRdSYYlhjp4/iiDAKBggqhkjO
PQQDAgNIADBFAiEAs3QCCUuSoNfi5/sQUySYQBSSQeAGIM72aws94FhrQ7QCIHEG
YgNsIvqsdb4c2pfqIqdnSw15fFj0uxp9mFLhM4RK
-----END CERTIFICATE-----
",25228260000006301586064997300240033,"5472610736665724173736574,617373657434,42726164",,bec6bb082749e1529c1cfb03668310fdc07441b3d561901217ab5d737b6808fc,,3045221000300000028084900510620390888000000000128522054090002008200290052091084006299870620009800,test-network
24,30,22,ca8cc5974fa9426ca2a8be68ad44b25404755f5c2a22c949cbcbc4d09aadaa59,2022-01-26 22:11:21.936,basic,200.0,Org2MSP,"{""Org1MSP"",""Org2MSP""}",,ENDORSER_TRANSACTION,"[{'chaincode': '_lifecycle', 'set': [{'key': 'namespaces/fields/basic/Sequence', 'version': {'block_num': {'low': 5, 'high': 0, 'unsigned': True}, 'tx_num': {'low': 0, 'high': 0, 'unsigned': True}}}]}, {'chaincode': 'basic', 'set': [{'key': 'asset4', 'version': {'block_num': {'low': 21, 'high': 0, 'unsigned': True}, 'tx_num': {'low': 0, 'high': 0, 'unsigned': True}}}]}]","[{'chaincode': '_lifecycle', 'set': []}, {'chaincode': 'basic', 'set': [{'key': 'asset4', 'is_delete': False, 'value': '{""AppraisedValue"":600,""Color"":""yellow"",""ID"":""asset4"",""Owner"":""Christian"",""Size"":10}'}]}]",08f902a7a260c02b740c94eb1678a9d0fab44796049c845ff2508649a92ff717,VALID,3045221005579024900030200090000084032000000560690220000597603200009700540000078690000450032062,1271256261736963,"-----BEGIN CERTIFICATE-----
MIICKjCCAdCgAwIBAgIRAOTfGsg1xr3jFaMvBAO/mVMwCgYIKoZIzj0EAwIwczEL
MAkGA1UEBhMCVVMxEzARBgNVBAgTCkNhbGlmb3JuaWExFjAUBgNVBAcTDVNhbiBG
cmFuY2lzY28xGTAXBgNVBAoTEG9yZzIuZXhhbXBsZS5jb20xHDAaBgNVBAMTE2Nh
Lm9yZzIuZXhhbXBsZS5jb20wHhcNMjIwMTI1MTEyNTAwWhcNMzIwMTIzMTEyNTAw
WjBrMQswCQYDVQQGEwJVUzETMBEGA1UECBMKQ2FsaWZvcm5pYTEWMBQGA1UEBxMN
U2FuIEZyYW5jaXNjbzEOMAwGA1UECxMFYWRtaW4xHzAdBgNVBAMMFkFkbWluQG9y
ZzIuZXhhbXBsZS5jb20wWTATBgcqhkjOPQIBBggqhkjOPQMBBwNCAATWvgmIfKDe
OLDAik7SLCBctxbp+QTr950G/of1vBs3mSahN54ilwyZbAN2u/CFM2OxEtlWaast
RxFLBRhtwtNro00wSzAOBgNVHQ8BAf8EBAMCB4AwDAYDVR0TAQH/BAIwADArBgNV
HSMEJDAigCDfCK7uqiaT1ex+Aos8I46e5prI4TnzRdSYYlhjp4/iiDAKBggqhkjO
PQQDAgNIADBFAiEAs3QCCUuSoNfi5/sQUySYQBSSQeAGIM72aws94FhrQ7QCIHEG
YgNsIvqsdb4c2pfqIqdnSw15fFj0uxp9mFLhM4RK
-----END CERTIFICATE-----
",007689130895411000000000000000,"5472610736665724173736574,617373657434,43687269737469610",,be5127863023b6442bd8ab1468572018fbb93152d894c01b2d97fbb4698fb1b2,,3045221000012000000000880005001008251007077690782200530000000000033404809561070007100198783000,test-network
25,31,23,f54a55005af18aae7056ac5ecd2ce4f189e9e0402c2cdb253c437f51a0897863,2022-01-27 18:56:46.876,basic,200.0,Org2MSP,"{""Org1MSP"",""Org2MSP""}",,ENDORSER_TRANSACTION,"[{'chaincode': '_lifecycle', 'set': [{'key': 'namespaces/fields/basic/Sequence', 'version': {'block_num': {'low': 5, 'high': 0, 'unsigned': True}, 'tx_num': {'low': 0, 'high': 0, 'unsigned': True}}}]}, {'chaincode': 'basic', 'set': [{'key': 'asset4', 'version': {'block_num': {'low': 22, 'high': 0, 'unsigned': True}, 'tx_num': {'low': 0, 'high': 0, 'unsigned': True}}}]}]","[{'chaincode': '_lifecycle', 'set': []}, {'chaincode': 'basic', 'set': [{'key': 'asset4', 'is_delete': False, 'value': '{""AppraisedValue"":600,""Color"":""yellow"",""ID"":""asset4"",""Owner"":""Brad"",""Size"":10}'}]}]",08f902a7a260c02b740c94eb1678a9d0fab44796049c845ff2508649a92ff717,VALID,304422000000240910000005739600210045060370000022000007200000000209109831000352887310000073,1271256261736963,"-----BEGIN CERTIFICATE-----
MIICKjCCAdCgAwIBAgIRAOTfGsg1xr3jFaMvBAO/mVMwCgYIKoZIzj0EAwIwczEL
MAkGA1UEBhMCVVMxEzARBgNVBAgTCkNhbGlmb3JuaWExFjAUBgNVBAcTDVNhbiBG
cmFuY2lzY28xGTAXBgNVBAoTEG9yZzIuZXhhbXBsZS5jb20xHDAaBgNVBAMTE2Nh
Lm9yZzIuZXhhbXBsZS5jb20wHhcNMjIwMTI1MTEyNTAwWhcNMzIwMTIzMTEyNTAw
WjBrMQswCQYDVQQGEwJVUzETMBEGA1UECBMKQ2FsaWZvcm5pYTEWMBQGA1UEBxMN
U2FuIEZyYW5jaXNjbzEOMAwGA1UECxMFYWRtaW4xHzAdBgNVBAMMFkFkbWluQG9y
ZzIuZXhhbXBsZS5jb20wWTATBgcqhkjOPQIBBggqhkjOPQMBBwNCAATWvgmIfKDe
OLDAik7SLCBctxbp+QTr950G/of1vBs3mSahN54ilwyZbAN2u/CFM2OxEtlWaast
RxFLBRhtwtNro00wSzAOBgNVHQ8BAf8EBAMCB4AwDAYDVR0TAQH/BAIwADArBgNV
HSMEJDAigCDfCK7uqiaT1ex+Aos8I46e5prI4TnzRdSYYlhjp4/iiDAKBggqhkjO
PQQDAgNIADBFAiEAs3QCCUuSoNfi5/sQUySYQBSSQeAGIM72aws94FhrQ7QCIHEG
YgNsIvqsdb4c2pfqIqdnSw15fFj0uxp9mFLhM4RK
-----END CERTIFICATE-----
",000000008115001100940502100000,"5472610736665724173736574,617373657434,42726164",,861286fc674481a70dee0df5d67377d4c17f62b32f209d9c20df4897e9e59a31,,30442200570000001094000263727000000011000000600220080072000007700091008600000000000472600,test-network
